SPID,GeoID,PID,SaleDate,Amount,Customers,Boxes
SP01,G4,P04,1/1/2021,8414,276,495
SP02,G3,P14,1/1/2021,532,317,54
SP12,G2,P08,1/1/2021,5376,178,269
SP01,G4,P15,1/1/2021,259,32,22
SP19,G2,P18,1/1/2021,5530,4,179
SP17,G1,P13,1/1/2021,2184,63,122
SP20,G6,P04,1/1/2021,1057,295,71
SP14,G5,P16,1/1/2021,1036,370,37
SP10,G5,P17,1/1/2021,4039,536,176
SP06,G4,P01,1/1/2021,12894,115,478
SP18,G2,P01,1/1/2021,4669,121,180
SP04,G4,P16,1/1/2021,6377,184,246
SP22,G3,P05,1/1/2021,4599,106,256
SP22,G2,P09,1/1/2021,2751,228,251
SP10,G1,P06,1/1/2021,15596,32,975
SP06,G1,P11,1/1/2021,8561,111,330
SP25,G6,P05,1/1/2021,14273,335,752
SP02,G4,P13,1/1/2021,2506,99,148
SP19,G3,P10,1/1/2021,2387,134,89
SP09,G2,P07,1/1/2021,7553,67,280
SP22,G4,P22,1/1/2021,3409,93,171
SP15,G2,P22,1/1/2021,3878,24,216
SP12,G2,P04,1/1/2021,3052,76,204
SP18,G2,P21,1/4/2021,19229,64,1013
SP15,G6,P21,1/4/2021,1988,179,95
SP12,G6,P09,1/4/2021,147,9,11
SP20,G6,P12,1/4/2021,2401,407,134
SP11,G2,P17,1/4/2021,2814,296,94
SP06,G6,P17,1/4/2021,5390,61,216
SP23,G3,P02,1/4/2021,3920,16,262
SP19,G3,P19,1/4/2021,7539,502,943
SP23,G1,P16,1/5/2021,17248,163,664
SP18,G6,P03,1/5/2021,1176,152,66
SP17,G5,P13,1/5/2021,9730,361,573
SP16,G4,P13,1/5/2021,2226,129,140
SP18,G6,P12,1/5/2021,7063,250,643
SP07,G4,P11,1/5/2021,7399,420,275
SP04,G2,P09,1/5/2021,4284,230,306
SP07,G4,P04,1/5/2021,4865,168,271
SP06,G4,P19,1/5/2021,3780,111,315
SP13,G1,P09,1/5/2021,3059,484,279
SP11,G6,P11,1/5/2021,6622,57,276
SP04,G1,P20,1/6/2021,644,116,34
SP08,G1,P11,1/6/2021,4935,87,171
SP13,G6,P22,1/6/2021,7182,29,378
SP09,G5,P09,1/6/2021,539,10,77
SP20,G6,P19,1/6/2021,637,79,91
SP07,G2,P15,1/6/2021,1470,57,184
SP10,G2,P13,1/6/2021,1442,108,61
SP11,G2,P20,1/6/2021,9023,224,564
SP03,G6,P01,1/6/2021,2709,27,101
SP19,G3,P21,1/7/2021,5733,193,338
SP05,G3,P02,1/7/2021,10451,155,1307
SP18,G1,P18,1/7/2021,11228,236,388
SP15,G6,P17,1/7/2021,3073,137,129
SP09,G5,P13,1/7/2021,5467,109,288
SP08,G2,P20,1/7/2021,4067,272,226
SP02,G1,P05,1/8/2021,2814,69,149
SP24,G4,P17,1/8/2021,2716,299,105
SP22,G5,P09,1/8/2021,3570,61,325
SP12,G1,P13,1/8/2021,9562,123,479
SP17,G4,P22,1/8/2021,2373,2,104
SP08,G1,P17,1/8/2021,2807,236,123
SP10,G2,P01,1/8/2021,420,196,14
SP06,G2,P04,1/8/2021,8239,157,515
SP05,G4,P02,1/8/2021,6797,114,486
SP22,G4,P13,1/8/2021,6048,56,319
SP05,G5,P04,1/8/2021,364,14,21
SP19,G5,P14,1/8/2021,6496,15,406
SP24,G2,P09,1/8/2021,1057,45,106
SP08,G6,P04,1/8/2021,357,185,17
SP08,G5,P07,1/8/2021,6419,359,257
SP08,G3,P10,1/8/2021,12726,179,579
SP16,G2,P13,1/11/2021,6006,109,376
SP15,G6,P08,1/11/2021,5124,33,285
SP23,G4,P01,1/11/2021,2709,188,113
SP01,G5,P01,1/11/2021,7238,67,315
SP06,G1,P14,1/12/2021,6776,68,424
SP11,G6,P01,1/12/2021,189,123,8
SP08,G2,P12,1/12/2021,4669,217,390
SP01,G3,P19,1/12/2021,490,188,35
SP08,G5,P19,1/12/2021,4235,76,283
SP13,G2,P07,1/12/2021,4487,161,187
SP02,G3,P15,1/12/2021,2653,147,332
SP04,G4,P10,1/12/2021,5306,5,253
SP16,G2,P02,1/12/2021,6888,112,689
SP08,G4,P16,1/12/2021,721,45,24
SP14,G1,P10,1/12/2021,8610,124,345
SP10,G2,P12,1/12/2021,11739,22,903
SP16,G1,P09,1/13/2021,4774,206,341
SP10,G3,P02,1/13/2021,6307,123,789
SP21,G3,P08,1/13/2021,4340,168,217
SP09,G1,P19,1/13/2021,1078,76,77
SP13,G6,P03,1/13/2021,5418,287,247
SP03,G2,P21,1/13/2021,6069,268,434
SP15,G2,P21,1/13/2021,12334,119,686
SP08,G6,P07,1/13/2021,728,234,32
SP21,G1,P15,1/13/2021,2135,179,165
SP07,G4,P13,1/13/2021,2121,130,89
SP12,G6,P01,1/14/2021,6881,10,222
SP24,G4,P07,1/14/2021,1239,97,50
SP16,G5,P05,1/14/2021,3598,365,257
SP18,G3,P20,1/14/2021,6580,210,347
SP08,G6,P10,1/14/2021,1127,97,54
SP22,G1,P22,1/14/2021,3605,345,139
SP09,G4,P11,1/14/2021,5096,201,196
SP25,G2,P08,1/14/2021,2135,183,98
SP13,G2,P04,1/14/2021,35,142,3
SP11,G1,P19,1/14/2021,13090,17,935
SP05,G6,P20,1/14/2021,15785,209,1128
SP20,G5,P12,1/14/2021,14574,86,810
SP11,G4,P17,1/14/2021,3556,195,143
SP02,G2,P12,1/14/2021,14532,142,969
SP23,G4,P17,1/14/2021,4445,340,159
SP17,G2,P01,1/14/2021,10339,207,357
SP03,G4,P11,1/14/2021,1351,282,55
SP02,G4,P15,1/14/2021,4011,260,335
SP17,G6,P12,1/14/2021,5306,333,483
SP24,G2,P11,1/14/2021,18704,78,585
SP21,G3,P20,1/14/2021,9310,62,582
SP04,G4,P06,1/14/2021,1211,37,61
SP09,G3,P04,1/15/2021,3094,317,148
SP17,G4,P04,1/15/2021,4949,244,248
SP06,G4,P08,1/15/2021,308,91,19
SP11,G1,P17,1/15/2021,7546,49,329
SP12,G2,P13,1/15/2021,6713,422,373
SP14,G4,P17,1/15/2021,6895,318,300
SP02,G4,P05,1/15/2021,3430,120,202
SP21,G4,P14,1/18/2021,4165,61,348
SP25,G1,P03,1/18/2021,2380,209,159
SP03,G6,P14,1/18/2021,6594,114,413
SP04,G5,P04,1/18/2021,1428,55,76
SP19,G5,P07,1/18/2021,2646,150,116
SP10,G1,P01,1/18/2021,238,364,11
SP24,G5,P04,1/18/2021,945,298,50
SP11,G6,P10,1/18/2021,9436,102,337
SP17,G2,P10,1/18/2021,4081,116,152
SP04,G2,P08,1/18/2021,10556,25,587
SP01,G2,P14,1/18/2021,2331,38,167
SP11,G3,P16,1/19/2021,896,346,32
SP20,G1,P18,1/19/2021,4214,314,169
SP20,G3,P09,1/19/2021,2121,90,177
SP23,G1,P13,1/19/2021,1029,386,47
SP08,G1,P05,1/19/2021,15407,103,771
SP03,G4,P17,1/19/2021,10129,134,406
SP13,G2,P20,1/19/2021,16380,203,1092
SP24,G1,P14,1/19/2021,3899,102,279
SP05,G3,P10,1/19/2021,12075,264,432
SP11,G2,P18,1/19/2021,10696,115,428
SP19,G2,P03,1/19/2021,4039,436,238
SP18,G1,P22,1/19/2021,5250,410,202
SP21,G1,P08,1/19/2021,8113,25,508
SP08,G6,P06,1/19/2021,161,95,10
SP07,G6,P10,1/19/2021,8218,205,294
SP06,G5,P15,1/19/2021,742,80,53
SP03,G2,P11,1/19/2021,3087,193,111
SP08,G1,P18,1/19/2021,5110,131,155
SP04,G4,P04,1/19/2021,5873,164,267
SP11,G6,P05,1/19/2021,4641,301,357
SP04,G4,P22,1/20/2021,1155,34,45
SP10,G6,P02,1/20/2021,784,247,49
SP25,G4,P05,1/20/2021,5369,16,384
SP10,G3,P06,1/20/2021,343,338,18
SP10,G6,P19,1/20/2021,7007,38,584
SP15,G1,P15,1/20/2021,126,127,13
SP16,G1,P08,1/20/2021,3073,57,134
SP19,G4,P21,1/21/2021,7805,86,488
SP09,G6,P11,1/21/2021,3087,14,124
SP13,G4,P21,1/21/2021,9030,85,452
SP04,G2,P20,1/21/2021,7805,6,411
SP18,G1,P11,1/21/2021,6979,38,233
SP19,G1,P07,1/21/2021,11284,39,513
SP17,G5,P01,1/21/2021,2408,106,90
SP03,G6,P02,1/21/2021,5299,86,332
SP10,G6,P16,1/21/2021,6293,158,234
SP08,G5,P03,1/21/2021,280,408,17
SP05,G1,P13,1/21/2021,644,483,30
SP07,G5,P21,1/21/2021,2191,65,110
SP16,G4,P21,1/21/2021,427,267,26
SP14,G3,P20,1/21/2021,5537,346,426
SP18,G5,P08,1/21/2021,742,264,31
SP23,G3,P13,1/21/2021,4200,457,248
SP08,G6,P15,1/21/2021,5299,203,442
SP08,G2,P17,1/21/2021,3829,286,160
SP20,G4,P18,1/21/2021,5747,70,192
SP06,G4,P13,1/21/2021,2345,199,147
SP12,G4,P09,1/22/2021,4312,181,616
SP25,G4,P13,1/22/2021,1358,68,68
SP01,G2,P09,1/22/2021,13146,85,1644
SP05,G5,P14,1/22/2021,12047,295,927
SP08,G3,P20,1/22/2021,5971,44,460
SP16,G4,P02,1/22/2021,3038,280,254
SP20,G6,P16,1/22/2021,8022,167,268
SP16,G3,P15,1/22/2021,2226,1,248
SP10,G3,P17,1/22/2021,2366,470,79
SP24,G5,P02,1/22/2021,8386,194,599
SP03,G3,P16,1/22/2021,13230,261,576
SP17,G6,P03,1/22/2021,1771,151,111
SP13,G6,P04,1/22/2021,3416,458,228
SP17,G6,P13,1/22/2021,15197,11,634
SP08,G4,P15,1/22/2021,5971,59,498
SP02,G6,P09,1/22/2021,13335,227,1667
SP23,G3,P21,1/22/2021,4613,54,210
SP12,G1,P12,1/22/2021,10430,110,580
SP20,G2,P03,1/22/2021,168,94,10
SP25,G6,P08,1/22/2021,4606,256,192
SP11,G6,P14,1/22/2021,1491,193,136
SP02,G1,P08,1/25/2021,12194,302,509
SP12,G6,P04,1/25/2021,10122,206,533
SP09,G5,P08,1/25/2021,1841,164,88
SP16,G6,P09,1/25/2021,6958,337,580
SP07,G1,P08,1/25/2021,749,323,35
SP16,G6,P04,1/25/2021,3507,48,195
SP17,G4,P15,1/25/2021,7294,122,562
SP10,G1,P12,1/25/2021,5040,219,420
SP10,G1,P16,1/25/2021,3913,257,157
SP09,G2,P02,1/25/2021,3598,101,300
SP19,G2,P10,1/25/2021,8911,302,319
SP08,G4,P22,1/25/2021,42,35,2
SP13,G1,P21,1/25/2021,2282,222,109
SP23,G3,P08,1/25/2021,12964,242,541
SP09,G3,P20,1/25/2021,5775,219,361
SP16,G4,P10,1/25/2021,10787,100,400
SP20,G5,P21,1/25/2021,6342,115,374
SP14,G1,P22,1/25/2021,11564,46,463
SP03,G2,P04,1/25/2021,2793,37,156
SP18,G3,P19,1/25/2021,1603,81,134
SP06,G5,P03,1/25/2021,3052,357,180
SP12,G3,P21,1/25/2021,1659,82,83
SP01,G4,P05,1/25/2021,3143,82,210
SP02,G2,P21,1/25/2021,12782,212,609
SP21,G4,P19,1/25/2021,343,313,32
SP10,G4,P14,1/25/2021,1785,216,138
SP10,G3,P09,1/25/2021,4914,46,615
SP18,G6,P14,1/26/2021,1869,242,208
SP04,G1,P10,1/26/2021,8512,173,387
SP23,G6,P09,1/26/2021,9296,1,716
SP20,G5,P07,1/26/2021,6034,229,263
SP22,G1,P11,1/26/2021,9471,166,365
SP15,G1,P22,1/26/2021,3815,146,166
SP01,G4,P06,1/26/2021,9485,140,527
SP16,G2,P16,1/26/2021,3549,78,132
SP04,G6,P09,1/26/2021,1512,61,117
SP13,G3,P16,1/26/2021,2296,113,96
SP11,G1,P01,1/27/2021,17402,43,697
SP15,G6,P12,1/27/2021,11816,160,844
SP17,G4,P16,1/27/2021,10612,232,425
SP01,G2,P01,1/27/2021,5558,263,192
SP21,G6,P04,1/27/2021,14056,148,781
SP09,G2,P16,1/27/2021,5131,171,166
SP16,G2,P08,1/27/2021,1477,352,87
SP06,G5,P04,1/27/2021,7686,72,549
SP23,G6,P13,1/27/2021,8722,35,460
SP08,G6,P16,1/27/2021,6370,35,206
SP03,G6,P13,1/27/2021,4074,208,240
SP24,G4,P11,1/27/2021,1309,97,51
SP07,G5,P20,1/27/2021,4991,137,357
SP04,G3,P22,1/27/2021,6965,91,367
SP15,G5,P18,1/27/2021,10199,497,408
SP12,G4,P21,1/27/2021,7392,9,390
SP01,G4,P12,1/27/2021,5880,71,392
SP04,G2,P11,1/27/2021,5950,25,238
SP14,G2,P16,1/27/2021,10395,57,336
SP22,G1,P07,1/27/2021,6174,33,247
SP04,G4,P19,1/27/2021,15239,170,1524
SP21,G3,P09,1/27/2021,2219,145,247
SP17,G4,P19,1/27/2021,3150,70,243
SP17,G6,P15,1/27/2021,2968,216,212
SP02,G3,P05,1/27/2021,3241,199,163
SP15,G3,P07,1/27/2021,3605,120,151
SP20,G3,P08,1/28/2021,3640,169,174
SP11,G3,P08,1/28/2021,1309,294,77
SP13,G1,P06,1/28/2021,10346,131,739
SP15,G3,P04,1/28/2021,1071,359,54
SP11,G6,P19,1/28/2021,6328,119,791
SP07,G3,P11,1/28/2021,1820,143,68
SP09,G1,P21,1/28/2021,3437,179,157
SP17,G6,P14,1/28/2021,4550,214,455
SP01,G3,P07,1/28/2021,2968,259,110
SP14,G2,P06,1/28/2021,12565,4,898
SP17,G3,P01,1/28/2021,8246,294,318
SP09,G1,P05,1/28/2021,1190,137,70
SP24,G4,P06,1/28/2021,3283,146,183
SP08,G5,P18,1/28/2021,3087,300,115
SP20,G1,P21,1/28/2021,6531,244,297
SP16,G2,P14,1/28/2021,4228,55,249
SP24,G2,P17,1/28/2021,10094,118,389
SP21,G4,P01,1/28/2021,182,46,6
SP22,G4,P14,1/28/2021,616,151,37
SP24,G2,P20,1/29/2021,12131,121,809
SP07,G2,P07,1/29/2021,2394,323,93
SP12,G1,P14,1/29/2021,14287,89,841
SP11,G4,P03,1/29/2021,10941,185,730
SP24,G6,P07,1/29/2021,7777,345,260
SP06,G3,P09,1/29/2021,9436,7,858
SP07,G3,P12,1/29/2021,1267,104,116
SP07,G2,P11,1/29/2021,8806,32,327
SP06,G6,P21,1/29/2021,3640,403,243
SP07,G6,P17,1/29/2021,4900,239,182
SP18,G5,P14,1/29/2021,5558,219,348
SP25,G4,P03,1/29/2021,9142,1,436
SP02,G6,P05,1/29/2021,3514,143,235
SP19,G3,P02,1/29/2021,140,91,10
SP15,G6,P10,2/1/2021,11844,211,439
SP03,G4,P01,2/1/2021,6517,54,233
SP07,G1,P01,2/1/2021,8715,24,282
SP05,G1,P16,2/1/2021,4851,455,180
SP01,G2,P16,2/1/2021,10983,185,379
SP21,G5,P15,2/1/2021,3290,75,329
SP11,G5,P16,2/1/2021,6545,86,212
SP03,G3,P19,2/1/2021,441,7,45
SP14,G1,P21,2/1/2021,9849,75,580
SP09,G4,P14,2/1/2021,3073,9,308
SP17,G2,P16,2/1/2021,4452,75,149
SP12,G3,P13,2/1/2021,10220,105,538
SP09,G6,P19,2/1/2021,3150,11,210
SP07,G2,P20,2/1/2021,6083,43,381
SP08,G6,P12,2/1/2021,14063,140,1407
SP07,G6,P19,2/1/2021,4578,256,306
SP19,G1,P14,2/1/2021,6454,21,461
SP15,G2,P18,2/2/2021,6650,166,256
SP01,G1,P22,2/2/2021,2436,203,94
SP21,G4,P21,2/2/2021,6944,33,331
SP05,G1,P11,2/2/2021,19817,126,684
SP01,G1,P02,2/2/2021,3521,50,235
SP12,G2,P11,2/2/2021,10458,546,327
SP24,G4,P08,2/2/2021,1302,401,57
SP10,G5,P11,2/2/2021,7952,221,249
SP13,G5,P06,2/2/2021,4753,133,265
SP11,G1,P13,2/2/2021,11452,81,546
SP03,G1,P10,2/2/2021,9345,124,390
SP16,G1,P05,2/2/2021,7490,172,357
SP25,G1,P16,2/2/2021,1519,127,57
SP09,G6,P20,2/2/2021,3087,135,155
SP06,G6,P20,2/2/2021,2352,178,168
SP17,G3,P15,2/2/2021,11578,76,891
SP11,G2,P22,2/2/2021,462,223,22
SP24,G1,P17,2/3/2021,6916,32,315
SP11,G1,P09,2/3/2021,3248,101,542
SP25,G3,P01,2/3/2021,6475,431,240
SP23,G6,P22,2/3/2021,9009,129,501
SP17,G3,P14,2/3/2021,2835,20,189
SP14,G1,P01,2/3/2021,7644,77,294
SP19,G6,P19,2/3/2021,3360,48,240
SP19,G2,P05,2/3/2021,1379,246,99
SP22,G2,P16,2/3/2021,9534,229,382
SP17,G2,P22,2/3/2021,14448,28,657
SP24,G2,P15,2/3/2021,3829,432,240
SP03,G4,P09,2/4/2021,9086,206,758
SP15,G3,P01,2/4/2021,5803,299,194
SP25,G6,P18,2/4/2021,182,36,7
SP18,G6,P13,2/4/2021,9863,21,520
SP06,G4,P09,2/4/2021,4046,80,289
SP09,G6,P12,2/4/2021,3493,140,350
SP13,G3,P03,2/4/2021,392,89,18
SP05,G1,P10,2/4/2021,2534,19,111
SP22,G6,P13,2/4/2021,7084,6,308
SP05,G6,P09,2/4/2021,4809,70,344
SP16,G3,P07,2/4/2021,7959,273,266
SP15,G3,P08,2/4/2021,10521,231,527
SP15,G3,P12,2/4/2021,56,168,5
SP19,G6,P15,2/4/2021,3017,103,189
SP12,G1,P09,2/4/2021,18949,300,2707
SP24,G6,P01,2/4/2021,8764,69,338
SP14,G1,P04,2/4/2021,12201,103,643
SP20,G2,P10,2/4/2021,11935,189,460
SP01,G2,P20,2/4/2021,3724,322,266
SP23,G3,P06,2/4/2021,2646,70,166
SP03,G1,P14,2/4/2021,686,18,46
SP12,G5,P20,2/4/2021,2037,272,128
SP23,G1,P21,2/4/2021,6300,208,300
SP11,G3,P22,2/4/2021,2541,14,111
SP04,G1,P04,2/4/2021,1883,97,118
SP08,G1,P10,2/4/2021,10255,180,446
SP22,G6,P11,2/5/2021,5803,98,233
SP09,G1,P02,2/5/2021,8260,239,1033
SP24,G1,P15,2/5/2021,14868,5,1859
SP03,G2,P06,2/5/2021,4137,10,276
SP10,G6,P11,2/5/2021,7161,480,276
SP24,G2,P07,2/5/2021,9625,149,332
SP19,G3,P16,2/5/2021,12852,296,429
SP18,G3,P06,2/5/2021,7546,365,581
SP19,G2,P06,2/5/2021,4123,104,275
SP21,G1,P16,2/5/2021,13174,78,573
SP17,G2,P02,2/5/2021,7637,161,546
SP18,G2,P15,2/5/2021,3311,128,332
SP21,G1,P04,2/5/2021,2338,52,107
SP06,G1,P17,2/8/2021,3465,228,139
SP17,G5,P22,2/8/2021,2345,435,107
SP18,G3,P16,2/8/2021,12698,53,471
SP01,G4,P13,2/8/2021,6678,24,334
SP12,G3,P15,2/8/2021,4851,120,324
SP08,G4,P07,2/8/2021,336,164,12
SP12,G3,P09,2/8/2021,2366,8,198
SP08,G2,P08,2/8/2021,10598,226,461
SP01,G1,P20,2/8/2021,13293,199,665
SP23,G5,P02,2/8/2021,2086,90,261
SP04,G5,P22,2/8/2021,2751,133,120
SP02,G3,P10,2/8/2021,5481,283,275
SP09,G2,P20,2/8/2021,5628,11,433
SP22,G2,P17,2/8/2021,2660,113,89
SP20,G1,P03,2/9/2021,1386,157,82
SP17,G6,P01,2/9/2021,11060,175,382
SP16,G5,P21,2/9/2021,2919,147,172
SP25,G3,P08,2/9/2021,8680,334,457
SP09,G2,P10,2/9/2021,1484,362,71
SP17,G3,P21,2/9/2021,16919,199,996
SP21,G5,P11,2/9/2021,13188,215,440
SP11,G5,P04,2/9/2021,4998,182,294
SP14,G6,P13,2/9/2021,6146,64,342
SP19,G1,P01,2/9/2021,5621,162,217
SP18,G6,P05,2/9/2021,980,75,47
SP13,G2,P03,2/10/2021,7343,116,350
SP01,G3,P17,2/10/2021,1750,9,63
SP05,G1,P06,2/10/2021,2464,90,165
SP09,G2,P01,2/10/2021,1974,47,86
SP22,G5,P19,2/10/2021,11823,52,986
SP15,G4,P13,2/10/2021,7350,250,335
SP15,G3,P15,2/10/2021,4165,170,417
SP03,G1,P13,2/10/2021,630,41,28
SP09,G3,P15,2/10/2021,2282,238,143
SP17,G3,P12,2/10/2021,5250,37,292
SP06,G3,P03,2/10/2021,11676,253,730
SP17,G5,P17,2/10/2021,14917,289,533
SP22,G3,P18,2/11/2021,4634,100,155
SP05,G2,P18,2/11/2021,819,196,27
SP10,G1,P07,2/11/2021,2422,60,106
SP13,G3,P18,2/11/2021,1463,158,59
SP15,G3,P18,2/11/2021,1050,10,32
SP20,G6,P22,2/11/2021,1526,527,85
SP03,G4,P02,2/11/2021,427,163,27
SP06,G2,P10,2/11/2021,10976,132,440
SP04,G4,P05,2/12/2021,6503,299,407
SP13,G6,P08,2/12/2021,21,300,1
SP05,G6,P06,2/12/2021,7063,13,393
SP24,G3,P22,2/12/2021,3990,50,200
SP14,G4,P19,2/12/2021,1806,184,129
SP16,G1,P14,2/12/2021,10136,115,597
SP12,G6,P03,2/12/2021,1288,119,62
SP20,G3,P14,2/12/2021,1295,107,87
SP09,G2,P19,2/12/2021,6461,288,718
SP22,G4,P18,2/12/2021,4949,31,155
SP18,G4,P12,2/12/2021,5432,39,302
SP15,G3,P17,2/12/2021,7112,55,246
SP12,G6,P22,2/12/2021,266,112,11
SP05,G2,P02,2/12/2021,6202,44,414
SP22,G4,P11,2/15/2021,1057,288,43
SP15,G6,P07,2/15/2021,1925,460,67
SP04,G1,P13,2/15/2021,1841,185,77
SP07,G3,P10,2/15/2021,1204,5,61
SP04,G4,P13,2/15/2021,4074,146,186
SP16,G2,P18,2/15/2021,4473,39,150
SP16,G6,P15,2/15/2021,2947,210,246
SP23,G2,P16,2/15/2021,15386,59,642
SP04,G6,P01,2/15/2021,4690,229,188
SP24,G2,P14,2/15/2021,343,158,39
SP14,G3,P05,2/15/2021,3052,393,146
SP19,G5,P18,2/15/2021,686,187,25
SP04,G3,P14,2/15/2021,6993,133,538
SP21,G6,P01,2/16/2021,5236,170,169
SP06,G1,P10,2/16/2021,8638,212,333
SP07,G4,P18,2/16/2021,5712,288,191
SP03,G2,P05,2/16/2021,6258,334,330
SP04,G2,P19,2/16/2021,3234,90,294
SP15,G1,P16,2/16/2021,17577,32,677
SP11,G2,P06,2/16/2021,12684,217,668
SP05,G1,P08,2/16/2021,1239,29,54
SP15,G6,P02,2/16/2021,3402,55,243
SP12,G1,P21,2/16/2021,11382,432,633
SP18,G1,P01,2/16/2021,7133,212,265
SP22,G1,P01,2/17/2021,8309,171,333
SP23,G4,P12,2/17/2021,1435,3,131
SP02,G3,P06,2/17/2021,3227,126,216
SP25,G4,P07,2/17/2021,133,195,6
SP05,G5,P08,2/17/2021,5446,425,273
SP12,G1,P08,2/17/2021,4424,91,261
SP22,G6,P01,2/17/2021,1827,168,80
SP04,G4,P18,2/17/2021,8232,264,305
SP07,G5,P02,2/17/2021,861,262,62
SP01,G4,P19,2/17/2021,8099,178,675
SP17,G5,P20,2/17/2021,5894,592,281
SP25,G2,P11,2/17/2021,8211,601,257
SP07,G1,P11,2/17/2021,10360,206,415
SP14,G6,P01,2/17/2021,5145,98,166
SP08,G6,P02,2/17/2021,9163,235,1146
SP17,G1,P14,2/17/2021,15323,33,1393
SP16,G3,P09,2/17/2021,7994,177,1000
SP13,G3,P21,2/17/2021,6363,87,455
SP20,G4,P22,2/17/2021,3262,185,172
SP05,G5,P07,2/17/2021,2793,93,127
SP17,G1,P16,2/18/2021,8491,338,340
SP02,G5,P17,2/18/2021,13685,39,571
SP21,G3,P14,2/18/2021,770,137,52
SP25,G3,P02,2/18/2021,8631,399,1079
SP22,G4,P12,2/18/2021,4536,120,267
SP17,G6,P08,2/18/2021,14497,21,605
SP17,G5,P21,2/18/2021,7672,112,452
SP03,G5,P08,2/18/2021,10878,329,573
SP02,G5,P02,2/18/2021,12572,94,1397
SP19,G5,P02,2/18/2021,1575,90,105
SP02,G3,P18,2/18/2021,5453,260,166
SP19,G4,P18,2/18/2021,4802,84,155
SP16,G1,P06,2/19/2021,7651,325,426
SP18,G1,P09,2/19/2021,2079,527,260
SP02,G4,P10,2/19/2021,2100,62,81
SP25,G5,P20,2/19/2021,5278,242,406
SP01,G2,P10,2/19/2021,4249,19,164
SP12,G2,P05,2/19/2021,3976,9,210
SP20,G2,P11,2/19/2021,6951,183,218
SP25,G6,P10,2/19/2021,616,161,25
SP09,G6,P13,2/19/2021,5439,115,287
SP10,G1,P02,2/19/2021,63,206,7
SP10,G3,P15,2/19/2021,1533,115,110
SP20,G2,P19,2/19/2021,3535,337,322
SP13,G3,P10,2/19/2021,2429,4,111
SP03,G1,P04,2/19/2021,7119,144,356
SP02,G4,P07,2/19/2021,3521,304,118
SP08,G2,P11,2/19/2021,3745,177,118
SP16,G5,P14,2/19/2021,4816,100,301
SP02,G6,P15,2/19/2021,1736,72,193
SP17,G5,P19,2/19/2021,1099,139,92
SP14,G6,P11,2/19/2021,6692,165,231
SP02,G5,P15,2/22/2021,364,177,31
SP08,G3,P13,2/22/2021,10927,202,476
SP12,G4,P13,2/22/2021,11410,103,476
SP24,G1,P16,2/22/2021,2443,337,82
SP14,G3,P14,2/22/2021,329,257,26
SP04,G4,P07,2/22/2021,3066,144,128
SP19,G4,P15,2/22/2021,567,243,38
SP14,G4,P20,2/22/2021,14721,257,1052
SP09,G4,P21,2/22/2021,6986,11,350
SP06,G2,P13,2/22/2021,14112,158,784
SP08,G6,P20,2/22/2021,1771,605,137
SP15,G5,P22,2/22/2021,5082,164,231
SP12,G3,P03,2/22/2021,1827,48,102
SP18,G1,P07,2/22/2021,182,85,7
SP08,G4,P21,2/22/2021,5369,136,269
SP06,G2,P07,2/22/2021,6034,169,275
SP09,G3,P05,2/22/2021,13209,204,881
SP12,G5,P17,2/22/2021,847,263,30
SP22,G3,P02,2/22/2021,1015,66,64
SP14,G3,P02,2/23/2021,16247,215,2031
SP21,G3,P15,2/23/2021,2422,41,303
SP10,G3,P22,2/23/2021,3997,333,174
SP24,G2,P03,2/23/2021,7182,125,479
SP21,G1,P05,2/23/2021,1246,163,70
SP24,G6,P06,2/23/2021,553,50,27
SP23,G2,P12,2/23/2021,2681,206,207
SP20,G5,P15,2/23/2021,2800,78,234
SP23,G6,P04,2/23/2021,4851,160,304
SP05,G3,P17,2/23/2021,168,3,6
SP11,G5,P12,2/23/2021,315,5,21
SP04,G3,P06,2/23/2021,11851,58,741
SP14,G4,P07,2/23/2021,3220,261,147
SP05,G6,P19,2/23/2021,11935,307,1194
SP03,G3,P22,2/23/2021,12404,186,478
SP22,G5,P12,2/24/2021,1519,132,90
SP22,G1,P17,2/24/2021,10934,182,476
SP25,G6,P22,2/24/2021,3346,179,129
SP24,G3,P10,2/24/2021,8351,36,398
SP12,G6,P14,2/24/2021,11718,76,733
SP17,G3,P10,2/24/2021,2681,115,117
SP22,G1,P02,2/24/2021,6188,292,563
SP11,G5,P08,2/24/2021,10941,182,521
SP11,G3,P01,2/24/2021,3647,220,141
SP23,G3,P22,2/25/2021,2436,130,122
SP11,G3,P17,2/25/2021,896,346,41
SP04,G2,P17,2/25/2021,3808,17,174
SP04,G3,P05,2/25/2021,10920,278,683
SP13,G4,P12,2/25/2021,4186,75,299
SP24,G3,P13,2/25/2021,6797,72,309
SP24,G5,P10,2/25/2021,4319,56,155
SP16,G3,P20,2/25/2021,1673,99,105
SP20,G4,P03,2/25/2021,735,84,35
SP20,G5,P11,2/25/2021,2632,39,106
SP04,G4,P09,2/25/2021,2030,68,170
SP03,G2,P18,2/25/2021,1169,265,47
SP09,G4,P05,2/25/2021,3703,54,206
SP01,G6,P14,2/25/2021,805,48,54
SP23,G6,P20,2/25/2021,406,260,21
SP20,G5,P09,2/25/2021,3591,73,360
SP20,G6,P14,2/25/2021,5551,210,463
SP24,G5,P14,2/25/2021,3605,347,258
SP09,G3,P03,2/25/2021,6356,38,374
SP24,G5,P19,2/25/2021,602,238,41
SP23,G1,P14,2/26/2021,7042,142,470
SP22,G5,P03,2/26/2021,2968,215,142
SP10,G1,P22,2/26/2021,294,80,17
SP05,G4,P11,2/26/2021,6363,68,213
SP09,G2,P12,2/26/2021,280,220,18
SP11,G3,P21,2/26/2021,406,22,29
SP18,G4,P07,2/26/2021,4144,374,139
SP08,G4,P01,2/26/2021,5341,179,173
SP17,G5,P12,2/26/2021,2947,103,197
SP02,G4,P19,2/26/2021,12026,166,926
SP10,G4,P20,2/26/2021,3983,237,307
SP04,G1,P14,2/26/2021,1792,283,163
SP01,G6,P01,2/26/2021,1526,150,67
SP20,G2,P16,2/26/2021,5313,70,190
SP08,G6,P11,2/26/2021,7728,48,242
SP16,G3,P13,2/26/2021,413,414,22
SP21,G1,P14,2/26/2021,4431,13,493
SP03,G2,P12,2/26/2021,1036,240,58
SP21,G2,P09,2/26/2021,217,147,25
SP15,G1,P19,2/26/2021,7616,16,693
SP12,G6,P16,2/26/2021,11900,256,518
SP25,G4,P19,2/26/2021,10437,350,1044
SP18,G1,P12,3/1/2021,5691,216,335
SP22,G5,P04,3/1/2021,5397,66,300
SP08,G2,P16,3/1/2021,3276,61,143
SP09,G4,P07,3/1/2021,4102,14,187
SP02,G5,P18,3/1/2021,476,86,18
SP14,G3,P16,3/1/2021,4858,138,157
SP09,G3,P08,3/1/2021,7259,69,404
SP08,G1,P03,3/2/2021,6209,35,311
SP09,G4,P16,3/2/2021,12390,269,539
SP20,G6,P21,3/2/2021,686,103,41
SP18,G4,P01,3/2/2021,9030,563,312
SP14,G3,P03,3/2/2021,5376,48,256
SP24,G5,P17,3/2/2021,2898,17,126
SP01,G2,P03,3/2/2021,18900,13,945
SP18,G2,P11,3/2/2021,5082,95,182
SP16,G5,P04,3/2/2021,2016,177,107
SP10,G2,P20,3/2/2021,847,145,50
SP10,G4,P15,3/3/2021,4200,57,350
SP03,G4,P22,3/3/2021,17577,190,977
SP09,G1,P09,3/3/2021,861,108,96
SP03,G3,P07,3/3/2021,3829,434,142
SP01,G6,P18,3/3/2021,1155,238,37
SP19,G5,P15,3/3/2021,11123,189,1391
SP22,G4,P15,3/3/2021,8505,82,532
SP05,G2,P07,3/3/2021,4130,152,138
SP14,G5,P01,3/3/2021,420,43,15
SP07,G5,P06,3/3/2021,994,92,63
SP13,G6,P05,3/3/2021,3689,364,176
SP16,G2,P06,3/3/2021,13195,124,880
SP12,G5,P16,3/4/2021,6545,276,219
SP04,G2,P07,3/4/2021,9982,399,357
SP21,G6,P13,3/4/2021,6363,95,398
SP04,G5,P15,3/4/2021,14336,50,1304
SP24,G1,P10,3/4/2021,7063,182,253
SP17,G5,P11,3/4/2021,5551,176,199
SP05,G2,P09,3/4/2021,448,319,38
SP11,G6,P21,3/5/2021,9121,66,481
SP04,G3,P09,3/5/2021,6258,277,626
SP20,G3,P18,3/5/2021,10752,111,347
SP08,G4,P13,3/5/2021,12411,100,540
SP11,G5,P18,3/5/2021,308,74,10
SP25,G2,P12,3/5/2021,10689,296,764
SP04,G6,P07,3/5/2021,448,98,16
SP11,G2,P05,3/5/2021,4410,271,260
SP15,G6,P15,3/8/2021,6265,501,570
SP05,G3,P21,3/8/2021,7301,116,366
SP03,G5,P18,3/8/2021,4802,330,185
SP14,G3,P01,3/8/2021,1358,99,53
SP21,G2,P02,3/8/2021,1610,284,147
SP03,G6,P22,3/8/2021,63,106,3
SP05,G4,P21,3/8/2021,161,55,8
SP02,G3,P03,3/8/2021,1246,157,70
SP15,G1,P11,3/8/2021,49,250,3
SP09,G2,P03,3/8/2021,4032,150,202
SP18,G3,P09,3/8/2021,1085,181,181
SP10,G2,P10,3/8/2021,4347,135,174
SP15,G5,P17,3/8/2021,7084,193,322
SP13,G3,P04,3/8/2021,5383,117,300
SP06,G3,P12,3/8/2021,1351,232,123
SP19,G5,P19,3/8/2021,3591,455,257
SP13,G3,P12,3/8/2021,1540,27,154
SP22,G2,P07,3/8/2021,9884,113,341
SP18,G1,P13,3/8/2021,9415,296,554
SP02,G5,P07,3/8/2021,1778,52,66
SP17,G3,P04,3/8/2021,8120,224,370
SP23,G6,P01,3/8/2021,2849,128,95
SP13,G5,P13,3/8/2021,2408,288,115
SP07,G3,P17,3/8/2021,12075,265,549
SP06,G3,P18,3/8/2021,2730,120,95
SP19,G6,P04,3/9/2021,1778,267,112
SP18,G4,P09,3/9/2021,4725,157,591
SP13,G3,P20,3/9/2021,6405,40,338
SP03,G6,P08,3/9/2021,2674,402,122
SP24,G1,P08,3/9/2021,5908,149,311
SP24,G5,P03,3/9/2021,7301,39,457
SP24,G2,P10,3/9/2021,154,101,6
SP12,G2,P09,3/9/2021,343,103,29
SP03,G4,P19,3/9/2021,14903,136,1656
SP17,G4,P12,3/9/2021,5390,482,318
SP09,G5,P03,3/9/2021,553,105,27
SP23,G6,P10,3/9/2021,7266,70,346
SP14,G4,P05,3/9/2021,8792,32,419
SP05,G1,P04,3/9/2021,8967,154,561
SP24,G1,P13,3/9/2021,3661,269,167
SP13,G4,P19,3/10/2021,1344,8,112
SP15,G5,P09,3/10/2021,10262,168,856
SP03,G1,P05,3/10/2021,4480,128,264
SP21,G4,P22,3/10/2021,7784,100,300
SP01,G2,P17,3/10/2021,19054,178,658
SP17,G4,P08,3/10/2021,23268,80,1058
SP08,G1,P06,3/11/2021,3885,242,195
SP17,G6,P06,3/11/2021,7147,225,477
SP19,G1,P16,3/11/2021,4571,62,164
SP23,G5,P20,3/11/2021,7973,80,614
SP07,G6,P01,3/11/2021,6055,213,202
SP09,G4,P03,3/11/2021,847,213,43
SP08,G4,P09,3/11/2021,4914,147,702
SP02,G5,P08,3/11/2021,1358,204,76
SP01,G4,P17,3/11/2021,1428,387,50
SP14,G2,P22,3/11/2021,8764,50,439
SP25,G5,P03,3/11/2021,10472,107,456
SP22,G6,P10,3/11/2021,1960,65,70
SP03,G3,P06,3/11/2021,10171,69,536
SP04,G3,P15,3/11/2021,8253,13,551
SP01,G1,P16,3/11/2021,9534,86,367
SP19,G3,P08,3/11/2021,5936,199,350
SP01,G6,P06,3/12/2021,154,172,8
SP08,G4,P18,3/12/2021,5663,155,196
SP09,G6,P15,3/12/2021,11298,14,1256
SP19,G3,P01,3/12/2021,1309,237,49
SP03,G6,P06,3/12/2021,3815,258,212
SP23,G5,P07,3/12/2021,385,227,16
SP18,G2,P22,3/12/2021,315,232,15
SP06,G1,P22,3/12/2021,11823,453,657
SP03,G5,P07,3/12/2021,2891,205,108
SP22,G6,P05,3/12/2021,5278,54,264
SP20,G6,P10,3/12/2021,8036,118,335
SP21,G6,P22,3/12/2021,2940,142,128
SP02,G1,P22,3/12/2021,8309,232,333
SP12,G1,P07,3/12/2021,1820,18,63
SP08,G2,P09,3/12/2021,1393,153,127
SP02,G4,P18,3/12/2021,6440,235,215
SP07,G6,P16,3/12/2021,2275,359,99
SP01,G6,P10,3/12/2021,3941,209,180
SP23,G6,P19,3/12/2021,49,78,4
SP18,G2,P03,3/12/2021,3346,122,168
SP14,G1,P14,3/15/2021,4592,445,511
SP21,G5,P12,3/15/2021,8862,152,522
SP22,G4,P06,3/15/2021,9590,133,640
SP04,G2,P13,3/15/2021,7175,47,359
SP11,G1,P10,3/15/2021,2534,119,91
SP02,G1,P06,3/15/2021,1162,3,62
SP10,G3,P05,3/15/2021,7042,173,470
SP06,G1,P20,3/15/2021,7392,111,493
SP24,G3,P05,3/15/2021,371,191,20
SP23,G4,P06,3/16/2021,7728,151,368
SP20,G5,P18,3/16/2021,518,223,21
SP08,G1,P07,3/16/2021,8547,112,317
SP15,G5,P05,3/16/2021,4018,34,192
SP21,G4,P17,3/16/2021,6118,203,266
SP12,G4,P11,3/16/2021,1582,119,55
SP23,G4,P13,3/16/2021,3626,309,214
SP18,G3,P11,3/16/2021,8981,152,360
SP08,G2,P19,3/16/2021,3304,306,255
SP03,G6,P11,3/16/2021,6076,74,196
SP04,G1,P15,3/16/2021,12530,134,964
SP02,G2,P20,3/16/2021,3675,273,283
SP15,G6,P04,3/16/2021,434,152,28
SP10,G1,P20,3/16/2021,5509,16,307
SP01,G1,P21,3/16/2021,10843,228,517
SP01,G3,P09,3/16/2021,7623,88,587
SP01,G3,P12,3/16/2021,7623,152,636
SP01,G3,P10,3/17/2021,6573,185,313
SP05,G1,P14,3/17/2021,2520,95,149
SP04,G1,P21,3/17/2021,910,14,54
SP24,G2,P19,3/17/2021,5397,8,416
SP16,G3,P16,3/17/2021,4263,464,158
SP19,G6,P17,3/17/2021,7637,114,273
SP11,G3,P13,3/17/2021,15239,156,953
SP23,G2,P08,3/17/2021,7840,81,392
SP16,G3,P18,3/17/2021,1302,298,51
SP16,G2,P17,3/17/2021,3192,459,128
SP23,G4,P16,3/17/2021,4312,79,188
SP18,G2,P16,3/17/2021,6258,49,224
SP05,G2,P22,3/17/2021,7931,257,418
SP19,G3,P22,3/17/2021,2576,67,129
SP03,G1,P17,3/17/2021,623,224,22
SP20,G6,P17,3/17/2021,7567,254,292
SP13,G1,P22,3/18/2021,6363,179,266
SP02,G3,P22,3/18/2021,1645,97,75
SP25,G3,P19,3/18/2021,12740,72,980
SP12,G3,P20,3/18/2021,6755,504,483
SP15,G1,P12,3/18/2021,13321,119,833
SP09,G5,P21,3/18/2021,1078,41,57
SP14,G3,P08,3/18/2021,13104,77,624
SP07,G3,P18,3/18/2021,10241,74,366
SP19,G6,P13,3/19/2021,1904,316,112
SP15,G3,P20,3/19/2021,4116,89,217
SP09,G3,P10,3/19/2021,1302,24,55
SP03,G3,P10,3/19/2021,4606,186,210
SP25,G1,P06,3/19/2021,8526,153,569
SP19,G3,P17,3/22/2021,13832,187,577
SP03,G6,P17,3/22/2021,10962,24,392
SP04,G1,P05,3/22/2021,5383,212,317
SP25,G5,P15,3/22/2021,2856,138,179
SP19,G2,P16,3/22/2021,2954,143,96
SP05,G2,P10,3/22/2021,14385,230,600
SP10,G6,P06,3/22/2021,10346,88,647
SP24,G1,P20,3/22/2021,1568,199,83
SP11,G6,P16,3/22/2021,3682,152,148
SP02,G1,P11,3/22/2021,5544,162,185
SP02,G2,P11,3/22/2021,252,48,10
SP06,G3,P08,3/22/2021,6230,68,271
SP15,G4,P11,3/23/2021,3724,37,129
SP02,G4,P12,3/23/2021,5544,59,427
SP01,G6,P04,3/23/2021,8624,54,392
SP17,G1,P02,3/23/2021,4627,135,515
SP01,G5,P12,3/23/2021,13237,374,1019
SP08,G3,P05,3/23/2021,3143,298,158
SP22,G3,P16,3/23/2021,8631,83,376
SP06,G3,P21,3/23/2021,4886,343,288
SP18,G4,P03,3/23/2021,5012,71,295
SP20,G2,P05,3/23/2021,7847,353,462
SP01,G3,P02,3/24/2021,2709,203,301
SP20,G6,P01,3/24/2021,8918,295,372
SP02,G6,P17,3/24/2021,11942,436,543
SP08,G6,P19,3/24/2021,19173,42,1279
SP16,G1,P17,3/24/2021,2590,209,87
SP16,G4,P04,3/24/2021,2555,73,160
SP10,G5,P05,3/24/2021,861,80,46
SP07,G5,P17,3/24/2021,11956,282,544
SP07,G4,P19,3/24/2021,8589,226,661
SP05,G6,P22,3/24/2021,6496,196,361
SP20,G3,P01,3/24/2021,5299,203,204
SP13,G6,P21,3/24/2021,4858,174,324
SP15,G4,P08,3/24/2021,357,204,19
SP08,G1,P02,3/24/2021,5264,182,405
SP09,G5,P10,3/24/2021,7896,83,304
SP05,G2,P15,3/24/2021,9548,173,796
SP08,G5,P04,3/24/2021,3024,240,178
SP17,G4,P01,3/24/2021,12257,365,409
SP05,G3,P01,3/24/2021,5327,2,184
SP18,G6,P11,3/24/2021,784,208,33
SP08,G6,P13,3/25/2021,5824,248,278
SP25,G4,P22,3/25/2021,11354,119,494
SP11,G3,P15,3/25/2021,7245,185,725
SP16,G4,P12,3/25/2021,2870,480,160
SP25,G4,P09,3/25/2021,721,191,91
SP04,G2,P01,3/25/2021,1274,197,42
SP15,G6,P03,3/25/2021,12187,266,717
SP19,G4,P05,3/25/2021,17969,77,899
SP19,G5,P17,3/25/2021,2471,174,103
SP13,G6,P13,3/25/2021,2296,52,100
SP21,G4,P03,3/25/2021,10801,35,636
SP01,G5,P07,3/25/2021,3031,49,117
SP01,G2,P12,3/25/2021,112,252,11
SP03,G5,P17,3/25/2021,329,130,14
SP03,G4,P12,3/25/2021,9590,154,600
SP09,G3,P07,3/25/2021,3220,209,115
SP04,G1,P11,3/25/2021,9660,106,358
SP08,G1,P14,3/25/2021,9737,184,886
SP05,G6,P15,3/25/2021,3899,199,488
SP10,G6,P18,3/26/2021,1477,58,48
SP15,G5,P10,3/26/2021,4242,324,152
SP25,G2,P19,3/26/2021,8946,163,895
SP25,G1,P09,3/26/2021,14504,150,1813
SP15,G4,P18,3/26/2021,6433,130,202
SP06,G3,P11,3/26/2021,9261,143,343
SP20,G4,P13,3/26/2021,756,71,38
SP03,G2,P15,3/26/2021,4018,10,447
SP12,G5,P08,3/26/2021,168,281,9
SP03,G3,P17,3/26/2021,4004,16,149
SP13,G5,P08,3/26/2021,6272,133,299
SP08,G1,P19,3/26/2021,5215,87,348
SP03,G4,P10,3/26/2021,3094,21,148
SP21,G5,P08,3/26/2021,9324,171,583
SP23,G6,P16,3/26/2021,20447,78,758
SP07,G1,P15,3/26/2021,14189,19,1183
SP13,G1,P20,3/26/2021,6503,231,434
SP06,G2,P12,3/26/2021,2212,24,202
SP11,G4,P21,3/26/2021,2975,45,142
SP14,G2,P14,3/29/2021,4788,217,342
SP13,G2,P14,3/29/2021,9604,201,565
SP21,G4,P07,3/29/2021,616,181,24
SP20,G2,P02,3/29/2021,7644,4,695
SP07,G1,P02,3/29/2021,4193,153,263
SP18,G5,P05,3/29/2021,6132,183,307
SP20,G4,P20,3/29/2021,7896,302,376
SP22,G4,P16,3/29/2021,2576,332,96
SP13,G1,P04,3/29/2021,2821,197,157
SP07,G5,P11,3/29/2021,12103,88,485
SP02,G3,P20,3/29/2021,5271,330,377
SP12,G2,P15,3/29/2021,5117,66,512
SP08,G6,P09,3/30/2021,4767,232,434
SP04,G1,P17,3/30/2021,20076,29,670
SP25,G4,P06,3/30/2021,2583,206,185
SP20,G4,P09,3/30/2021,14210,39,2030
SP01,G3,P15,3/30/2021,4403,25,315
SP03,G5,P10,3/30/2021,12985,279,619
SP14,G3,P13,3/30/2021,1358,63,68
SP01,G1,P15,3/30/2021,203,330,19
SP06,G5,P06,3/30/2021,1281,275,99
SP22,G5,P16,3/30/2021,13475,119,539
SP19,G6,P14,3/30/2021,1547,200,119
SP04,G1,P03,3/31/2021,6013,217,317
SP20,G5,P19,3/31/2021,10703,21,1071
SP10,G3,P11,3/31/2021,7630,236,306
SP21,G2,P06,3/31/2021,5369,251,384
SP03,G5,P21,3/31/2021,7917,115,360
SP02,G5,P06,3/31/2021,259,116,17
SP10,G2,P16,4/1/2021,3115,22,112
SP14,G6,P06,4/1/2021,10731,117,537
SP18,G6,P06,4/1/2021,2352,21,181
SP03,G2,P08,4/1/2021,5138,51,303
SP17,G1,P09,4/1/2021,1428,194,102
SP07,G5,P13,4/1/2021,3598,17,157
SP04,G5,P06,4/1/2021,10528,21,555
SP15,G3,P11,4/2/2021,2100,242,70
SP21,G1,P01,4/2/2021,6797,218,262
SP14,G2,P17,4/2/2021,6202,52,249
SP05,G5,P01,4/2/2021,8001,4,348
SP08,G2,P05,4/2/2021,13832,294,814
SP13,G2,P19,4/2/2021,1568,181,121
SP13,G6,P07,4/2/2021,3129,127,112
SP05,G5,P11,4/2/2021,6944,2,278
SP14,G6,P16,4/2/2021,7672,17,265
SP08,G6,P08,4/2/2021,4137,200,197
SP14,G2,P03,4/2/2021,1365,155,72
SP12,G4,P04,4/2/2021,7238,381,453
SP14,G4,P03,4/2/2021,10500,355,457
SP18,G2,P20,4/2/2021,6790,129,453
SP14,G1,P19,4/2/2021,7203,63,515
SP22,G1,P15,4/2/2021,6202,86,443
SP02,G2,P14,4/5/2021,8351,1,696
SP24,G1,P19,4/5/2021,980,437,109
SP11,G5,P13,4/5/2021,12908,182,562
SP09,G3,P19,4/5/2021,4473,302,320
SP04,G1,P18,4/6/2021,3066,155,93
SP16,G1,P07,4/6/2021,4053,329,177
SP04,G6,P08,4/6/2021,3024,155,152
SP13,G5,P16,4/7/2021,2100,147,68
SP20,G5,P10,4/7/2021,2555,156,112
SP09,G6,P16,4/7/2021,6559,208,243
SP19,G3,P06,4/7/2021,8176,183,390
SP04,G6,P03,4/7/2021,17675,197,884
SP18,G5,P15,4/7/2021,11004,175,1223
SP25,G4,P01,4/7/2021,2233,292,77
SP05,G2,P01,4/7/2021,16359,14,712
SP06,G6,P19,4/7/2021,3192,21,228
SP14,G3,P06,4/7/2021,5313,275,380
SP19,G3,P04,4/7/2021,1841,223,97
SP02,G6,P10,4/7/2021,9884,13,396
SP04,G4,P14,4/7/2021,3066,268,205
SP09,G3,P18,4/7/2021,11207,254,362
SP11,G1,P02,4/7/2021,6321,86,452
SP10,G1,P09,4/7/2021,5299,62,663
SP02,G5,P21,4/8/2021,11578,63,552
SP25,G1,P08,4/8/2021,4298,201,239
SP16,G5,P15,4/8/2021,9548,17,682
SP10,G4,P10,4/8/2021,5663,25,236
SP10,G6,P10,4/8/2021,329,260,15
SP10,G4,P05,4/8/2021,9275,165,489
SP12,G5,P11,4/8/2021,77,133,3
SP10,G1,P04,4/8/2021,4256,110,224
SP23,G6,P03,4/9/2021,4018,413,237
SP15,G6,P05,4/9/2021,6699,138,479
SP24,G2,P13,4/9/2021,4571,17,241
SP05,G5,P13,4/9/2021,4193,79,200
SP18,G2,P09,4/9/2021,392,175,28
SP11,G6,P03,4/9/2021,3192,18,146
SP05,G3,P22,4/9/2021,154,48,7
SP06,G6,P07,4/9/2021,5502,112,212
SP14,G6,P09,4/9/2021,4389,365,439
SP08,G5,P08,4/9/2021,12215,120,764
SP13,G6,P09,4/9/2021,1960,50,140
SP23,G1,P12,4/9/2021,994,389,77
SP19,G4,P10,4/9/2021,3731,41,150
SP22,G2,P22,4/12/2021,11851,45,456
SP18,G4,P18,4/12/2021,7798,77,289
SP10,G4,P08,4/12/2021,658,82,32
SP18,G1,P15,4/12/2021,18963,191,1355
SP10,G1,P08,4/12/2021,574,383,34
SP12,G3,P18,4/12/2021,763,47,28
SP16,G3,P02,4/12/2021,1295,218,108
SP12,G2,P10,4/12/2021,1281,349,61
SP19,G3,P15,4/12/2021,6657,364,606
SP16,G3,P05,4/12/2021,1533,129,110
SP21,G6,P08,4/12/2021,2534,36,121
SP23,G2,P14,4/12/2021,3808,74,224
SP09,G4,P08,4/12/2021,7637,90,425
SP12,G3,P02,4/13/2021,5397,37,416
SP01,G5,P16,4/13/2021,5649,97,202
SP20,G3,P07,4/13/2021,2996,136,116
SP04,G5,P16,4/13/2021,2247,351,87
SP09,G2,P09,4/13/2021,1092,136,84
SP13,G1,P05,4/13/2021,4368,23,292
SP01,G3,P14,4/13/2021,868,90,87
SP07,G2,P01,4/13/2021,8729,35,364
SP13,G2,P08,4/13/2021,2065,17,130
SP07,G4,P08,4/13/2021,6293,48,274
SP05,G4,P19,4/13/2021,7602,247,761
SP16,G3,P03,4/13/2021,10150,223,598
SP10,G6,P03,4/13/2021,11081,311,739
SP14,G2,P04,4/13/2021,588,41,27
SP22,G6,P19,4/13/2021,3710,129,413
SP24,G4,P04,4/14/2021,371,121,27
SP21,G4,P13,4/14/2021,2254,69,119
SP12,G5,P22,4/14/2021,2345,70,112
SP01,G5,P02,4/14/2021,18473,6,2053
SP04,G2,P16,4/14/2021,1680,26,58
SP17,G2,P13,4/14/2021,4508,16,215
SP02,G5,P04,4/15/2021,8463,284,385
SP19,G1,P15,4/15/2021,931,269,117
